{"cameraMode":{"drawMode":0,"name":"Shaded","section":"Shading Mode"},"sceneLighting":true,"audioPlay":false,"sceneViewState":{"showFog":true,"showMaterialUpdate":false,"showSkybox":true,"showFlares":true,"showImageEffects":true,"showParticleSystems":true},"in2DMode":false,"pivot":{"x":3.197504997253418,"y":-0.36463451385498049,"z":9.60429573059082},"rotation":{"x":-0.28019407391548159,"y":0.26398175954818728,"z":-0.08044898509979248,"w":-0.9194199442863464},"size":8.973544120788575,"orthographic":false}